,fighter,salary,year,Unnamed: 0,first_name,last_name,height,weight,stance,wins,losses,draws,number_of_fights,full_name,gender,current_or_former_champ,win_percentage,insta_followers
0,Georges St-Pierre,900000,2010,319,Georges,St-Pierre,"5' 11""",185,Orthodox,26,2,0,28,Georges St-Pierre,m,t,92.85714286,3486422
1,Georges St-Pierre,400000,2011,319,Georges,St-Pierre,"5' 11""",185,Orthodox,26,2,0,28,Georges St-Pierre,m,t,92.85714286,3486422
2,Georges St-Pierre,470000,2012,319,Georges,St-Pierre,"5' 11""",185,Orthodox,26,2,0,28,Georges St-Pierre,m,t,92.85714286,3486422
3,Georges St-Pierre,470000,2013,319,Georges,St-Pierre,"5' 11""",185,Orthodox,26,2,0,28,Georges St-Pierre,m,t,92.85714286,3486422
4,Georges St-Pierre,2580000,2017,319,Georges,St-Pierre,"5' 11""",185,Orthodox,26,2,0,28,Georges St-Pierre,m,t,92.85714286,3486422
5,Cain Velasquez,410000,2010,32,Cain,Velasquez,"6' 1""",240,Orthodox,14,3,0,17,Cain Velasquez,m,t,82.35294118,1138246
6,Cain Velasquez,100000,2011,32,Cain,Velasquez,"6' 1""",240,Orthodox,14,3,0,17,Cain Velasquez,m,t,82.35294118,1138246
7,Cain Velasquez,400000,2012,32,Cain,Velasquez,"6' 1""",240,Orthodox,14,3,0,17,Cain Velasquez,m,t,82.35294118,1138246
8,Cain Velasquez,400000,2013,32,Cain,Velasquez,"6' 1""",240,Orthodox,14,3,0,17,Cain Velasquez,m,t,82.35294118,1138246
9,Cain Velasquez,400000,2015,32,Cain,Velasquez,"6' 1""",240,Orthodox,14,3,0,17,Cain Velasquez,m,t,82.35294118,1138246
10,Cain Velasquez,360000,2016,32,Cain,Velasquez,"6' 1""",240,Orthodox,14,3,0,17,Cain Velasquez,m,t,82.35294118,1138246
11,Cain Velasquez,460000,2019,32,Cain,Velasquez,"6' 1""",240,Orthodox,14,3,0,17,Cain Velasquez,m,t,82.35294118,1138246
12,Lyoto Machida,400000,2010,10,Lyoto,Machida,"6' 1""",185,Southpaw,24,8,0,32,Lyoto Machida,m,t,75,1063716
13,Lyoto Machida,604000,2011,10,Lyoto,Machida,"6' 1""",185,Southpaw,24,8,0,32,Lyoto Machida,m,t,75,1063716
14,Lyoto Machida,200000,2012,10,Lyoto,Machida,"6' 1""",185,Southpaw,24,8,0,32,Lyoto Machida,m,t,75,1063716
15,Lyoto Machida,200000,2013,10,Lyoto,Machida,"6' 1""",185,Southpaw,24,8,0,32,Lyoto Machida,m,t,75,1063716
16,Lyoto Machida,750000,2014,10,Lyoto,Machida,"6' 1""",185,Southpaw,24,8,0,32,Lyoto Machida,m,t,75,1063716
17,Lyoto Machida,400000,2015,10,Lyoto,Machida,"6' 1""",185,Southpaw,24,8,0,32,Lyoto Machida,m,t,75,1063716
18,Lyoto Machida,220000,2017,10,Lyoto,Machida,"6' 1""",185,Southpaw,24,8,0,32,Lyoto Machida,m,t,75,1063716
19,Lyoto Machida,490000,2018,10,Lyoto,Machida,"6' 1""",185,Southpaw,24,8,0,32,Lyoto Machida,m,t,75,1063716
20,Junior dos Santos,260000,2010,131,Junior,Dos Santos,"6' 4""",238,Orthodox,21,9,0,30,Junior dos Santos,m,f,70,1006283
21,Junior dos Santos,485000,2011,131,Junior,Dos Santos,"6' 4""",238,Orthodox,21,9,0,30,Junior dos Santos,m,f,70,1006283
22,Junior dos Santos,600000,2012,131,Junior,Dos Santos,"6' 4""",238,Orthodox,21,9,0,30,Junior dos Santos,m,f,70,1006283
23,Junior dos Santos,600000,2013,131,Junior,Dos Santos,"6' 4""",238,Orthodox,21,9,0,30,Junior dos Santos,m,f,70,1006283
24,Junior dos Santos,310000,2014,131,Junior,Dos Santos,"6' 4""",238,Orthodox,21,9,0,30,Junior dos Santos,m,f,70,1006283
25,Junior dos Santos,410000,2015,131,Junior,Dos Santos,"6' 4""",238,Orthodox,21,9,0,30,Junior dos Santos,m,f,70,1006283
26,Junior dos Santos,410000,2016,131,Junior,Dos Santos,"6' 4""",238,Orthodox,21,9,0,30,Junior dos Santos,m,f,70,1006283
27,Junior dos Santos,430000,2017,131,Junior,Dos Santos,"6' 4""",238,Orthodox,21,9,0,30,Junior dos Santos,m,f,70,1006283
28,Junior dos Santos,830000,2018,131,Junior,Dos Santos,"6' 4""",238,Orthodox,21,9,0,30,Junior dos Santos,m,f,70,1006283
29,Junior dos Santos,880000,2019,131,Junior,Dos Santos,"6' 4""",238,Orthodox,21,9,0,30,Junior dos Santos,m,f,70,1006283
30,Junior dos Santos,1560000,2020,131,Junior,Dos Santos,"6' 4""",238,Orthodox,21,9,0,30,Junior dos Santos,m,f,70,1006283
31,Carlos Condit,257000,2010,164,Carlos,Condit,"6' 2""",170,Orthodox,32,14,0,46,Carlos Condit,m,t,69.56521739,445166
32,Carlos Condit,143000,2011,164,Carlos,Condit,"6' 2""",170,Orthodox,32,14,0,46,Carlos Condit,m,t,69.56521739,445166
33,Carlos Condit,237000,2012,164,Carlos,Condit,"6' 2""",170,Orthodox,32,14,0,46,Carlos Condit,m,t,69.56521739,445166
34,Carlos Condit,237000,2013,164,Carlos,Condit,"6' 2""",170,Orthodox,32,14,0,46,Carlos Condit,m,t,69.56521739,445166
35,Carlos Condit,59000,2014,164,Carlos,Condit,"6' 2""",170,Orthodox,32,14,0,46,Carlos Condit,m,t,69.56521739,445166
36,Carlos Condit,59000,2015,164,Carlos,Condit,"6' 2""",170,Orthodox,32,14,0,46,Carlos Condit,m,t,69.56521739,445166
37,Carlos Condit,471000,2016,164,Carlos,Condit,"6' 2""",170,Orthodox,32,14,0,46,Carlos Condit,m,t,69.56521739,445166
38,Carlos Condit,130000,2017,164,Carlos,Condit,"6' 2""",170,Orthodox,32,14,0,46,Carlos Condit,m,t,69.56521739,445166
39,Carlos Condit,265000,2018,164,Carlos,Condit,"6' 2""",170,Orthodox,32,14,0,46,Carlos Condit,m,t,69.56521739,445166
40,Carlos Condit,250000,2020,164,Carlos,Condit,"6' 2""",170,Orthodox,32,14,0,46,Carlos Condit,m,t,69.56521739,445166
41,Nate Diaz,192000,2010,97,Nate,Diaz,"6' 0""",170,Southpaw,21,13,0,34,Nate Diaz,m,f,61.76470588,5161922
42,Nate Diaz,356000,2011,97,Nate,Diaz,"6' 0""",170,Southpaw,21,13,0,34,Nate Diaz,m,f,61.76470588,5161922
43,Nate Diaz,197000,2012,97,Nate,Diaz,"6' 0""",170,Southpaw,21,13,0,34,Nate Diaz,m,f,61.76470588,5161922
44,Nate Diaz,197000,2013,97,Nate,Diaz,"6' 0""",170,Southpaw,21,13,0,34,Nate Diaz,m,f,61.76470588,5161922
45,Nate Diaz,16000,2014,97,Nate,Diaz,"6' 0""",170,Southpaw,21,13,0,34,Nate Diaz,m,f,61.76470588,5161922
46,Nate Diaz,110000,2015,97,Nate,Diaz,"6' 0""",170,Southpaw,21,13,0,34,Nate Diaz,m,f,61.76470588,5161922
47,Nate Diaz,2690000,2016,97,Nate,Diaz,"6' 0""",170,Southpaw,21,13,0,34,Nate Diaz,m,f,61.76470588,5161922
48,Nate Diaz,790000,2019,97,Nate,Diaz,"6' 0""",170,Southpaw,21,13,0,34,Nate Diaz,m,f,61.76470588,5161922
49,Frankie Edgar,148000,2010,9,Frankie,Edgar,"5' 6""",135,Orthodox,23,10,1,34,Frankie Edgar,m,t,67.64705882,781478
50,Frankie Edgar,345000,2011,9,Frankie,Edgar,"5' 6""",135,Orthodox,23,10,1,34,Frankie Edgar,m,t,67.64705882,781478
51,Frankie Edgar,305000,2012,9,Frankie,Edgar,"5' 6""",135,Orthodox,23,10,1,34,Frankie Edgar,m,t,67.64705882,781478
52,Frankie Edgar,305000,2013,9,Frankie,Edgar,"5' 6""",135,Orthodox,23,10,1,34,Frankie Edgar,m,t,67.64705882,781478
53,Frankie Edgar,590000,2014,9,Frankie,Edgar,"5' 6""",135,Orthodox,23,10,1,34,Frankie Edgar,m,t,67.64705882,781478
54,Frankie Edgar,745000,2015,9,Frankie,Edgar,"5' 6""",135,Orthodox,23,10,1,34,Frankie Edgar,m,t,67.64705882,781478
55,Frankie Edgar,605000,2016,9,Frankie,Edgar,"5' 6""",135,Orthodox,23,10,1,34,Frankie Edgar,m,t,67.64705882,781478
56,Frankie Edgar,420000,2017,9,Frankie,Edgar,"5' 6""",135,Orthodox,23,10,1,34,Frankie Edgar,m,t,67.64705882,781478
57,Frankie Edgar,635000,2018,9,Frankie,Edgar,"5' 6""",135,Orthodox,23,10,1,34,Frankie Edgar,m,t,67.64705882,781478
58,Frankie Edgar,505000,2019,9,Frankie,Edgar,"5' 6""",135,Orthodox,23,10,1,34,Frankie Edgar,m,t,67.64705882,781478
59,Frankie Edgar,320000,2020,9,Frankie,Edgar,"5' 6""",135,Orthodox,23,10,1,34,Frankie Edgar,m,t,67.64705882,781478
60,Rafael dos Anjos,123000,2010,130,Rafael,Dos Anjos,"5' 8""",155,Southpaw,30,13,0,43,Rafael dos Anjos,m,t,69.76744186,593583
61,Rafael dos Anjos,44000,2011,130,Rafael,Dos Anjos,"5' 8""",155,Southpaw,30,13,0,43,Rafael dos Anjos,m,t,69.76744186,593583
62,Rafael dos Anjos,112000,2012,130,Rafael,Dos Anjos,"5' 8""",155,Southpaw,30,13,0,43,Rafael dos Anjos,m,t,69.76744186,593583
63,Rafael dos Anjos,112000,2013,130,Rafael,Dos Anjos,"5' 8""",155,Southpaw,30,13,0,43,Rafael dos Anjos,m,t,69.76744186,593583
64,Rafael dos Anjos,297000,2014,130,Rafael,Dos Anjos,"5' 8""",155,Southpaw,30,13,0,43,Rafael dos Anjos,m,t,69.76744186,593583
65,Rafael dos Anjos,536000,2015,130,Rafael,Dos Anjos,"5' 8""",155,Southpaw,30,13,0,43,Rafael dos Anjos,m,t,69.76744186,593583
66,Rafael dos Anjos,470000,2016,130,Rafael,Dos Anjos,"5' 8""",155,Southpaw,30,13,0,43,Rafael dos Anjos,m,t,69.76744186,593583
67,Rafael dos Anjos,422000,2017,130,Rafael,Dos Anjos,"5' 8""",155,Southpaw,30,13,0,43,Rafael dos Anjos,m,t,69.76744186,593583
68,Rafael dos Anjos,510000,2018,130,Rafael,Dos Anjos,"5' 8""",155,Southpaw,30,13,0,43,Rafael dos Anjos,m,t,69.76744186,593583
69,Rafael dos Anjos,380000,2019,130,Rafael,Dos Anjos,"5' 8""",155,Southpaw,30,13,0,43,Rafael dos Anjos,m,t,69.76744186,593583
70,Rafael dos Anjos,435000,2020,130,Rafael,Dos Anjos,"5' 8""",155,Southpaw,30,13,0,43,Rafael dos Anjos,m,t,69.76744186,593583
71,Charles Oliveira,118000,2010,27,Charles,Oliveira,"5' 10""",155,Orthodox,31,8,0,39,Charles Oliveira,m,t,79.48717949,681821
72,Charles Oliveira,82000,2011,27,Charles,Oliveira,"5' 10""",155,Orthodox,31,8,0,39,Charles Oliveira,m,t,79.48717949,681821
73,Charles Oliveira,142000,2012,27,Charles,Oliveira,"5' 10""",155,Orthodox,31,8,0,39,Charles Oliveira,m,t,79.48717949,681821
74,Charles Oliveira,142000,2013,27,Charles,Oliveira,"5' 10""",155,Orthodox,31,8,0,39,Charles Oliveira,m,t,79.48717949,681821
75,Charles Oliveira,241300,2014,27,Charles,Oliveira,"5' 10""",155,Orthodox,31,8,0,39,Charles Oliveira,m,t,79.48717949,681821
76,Charles Oliveira,292600,2015,27,Charles,Oliveira,"5' 10""",155,Orthodox,31,8,0,39,Charles Oliveira,m,t,79.48717949,681821
77,Charles Oliveira,101400,2016,27,Charles,Oliveira,"5' 10""",155,Orthodox,31,8,0,39,Charles Oliveira,m,t,79.48717949,681821
78,Charles Oliveira,208000,2017,27,Charles,Oliveira,"5' 10""",155,Orthodox,31,8,0,39,Charles Oliveira,m,t,79.48717949,681821
79,Charles Oliveira,589000,2018,27,Charles,Oliveira,"5' 10""",155,Orthodox,31,8,0,39,Charles Oliveira,m,t,79.48717949,681821
80,Charles Oliveira,760000,2019,27,Charles,Oliveira,"5' 10""",155,Orthodox,31,8,0,39,Charles Oliveira,m,t,79.48717949,681821
81,Charles Oliveira,557200,2020,27,Charles,Oliveira,"5' 10""",155,Orthodox,31,8,0,39,Charles Oliveira,m,t,79.48717949,681821
82,Rory MacDonald,105000,2010,4,Rory,MacDonald,"6' 0""",170,Orthodox,19,4,0,23,Rory MacDonald,m,f,82.60869565,335922
83,Rory MacDonald,42000,2011,4,Rory,MacDonald,"6' 0""",170,Orthodox,19,4,0,23,Rory MacDonald,m,f,82.60869565,335922
84,Rory MacDonald,78000,2012,4,Rory,MacDonald,"6' 0""",170,Orthodox,19,4,0,23,Rory MacDonald,m,f,82.60869565,335922
85,Rory MacDonald,78000,2013,4,Rory,MacDonald,"6' 0""",170,Orthodox,19,4,0,23,Rory MacDonald,m,f,82.60869565,335922
86,Rory MacDonald,418000,2014,4,Rory,MacDonald,"6' 0""",170,Orthodox,19,4,0,23,Rory MacDonald,m,f,82.60869565,335922
87,Rory MacDonald,139000,2015,4,Rory,MacDonald,"6' 0""",170,Orthodox,19,4,0,23,Rory MacDonald,m,f,82.60869565,335922
88,Rory MacDonald,69000,2016,4,Rory,MacDonald,"6' 0""",170,Orthodox,19,4,0,23,Rory MacDonald,m,f,82.60869565,335922
89,Vitor Belfort,620000,2011,71,Vitor,Belfort,"6' 0""",185,Southpaw,26,14,0,40,Vitor Belfort,m,t,65,1296687
90,Vitor Belfort,554000,2012,71,Vitor,Belfort,"6' 0""",185,Southpaw,26,14,0,40,Vitor Belfort,m,t,65,1296687
91,Vitor Belfort,554000,2013,71,Vitor,Belfort,"6' 0""",185,Southpaw,26,14,0,40,Vitor Belfort,m,t,65,1296687
92,Vitor Belfort,860000,2015,71,Vitor,Belfort,"6' 0""",185,Southpaw,26,14,0,40,Vitor Belfort,m,t,65,1296687
93,Vitor Belfort,630000,2016,71,Vitor,Belfort,"6' 0""",185,Southpaw,26,14,0,40,Vitor Belfort,m,t,65,1296687
94,Vitor Belfort,830000,2017,71,Vitor,Belfort,"6' 0""",185,Southpaw,26,14,0,40,Vitor Belfort,m,t,65,1296687
95,Vitor Belfort,315000,2018,71,Vitor,Belfort,"6' 0""",185,Southpaw,26,14,0,40,Vitor Belfort,m,t,65,1296687
96,Donald Cerrone,494000,2011,89,Donald,Cerrone,"6' 1""",170,Orthodox,36,16,0,52,Donald Cerrone,m,f,69.23076923,2279257
97,Donald Cerrone,250200,2012,89,Donald,Cerrone,"6' 1""",170,Orthodox,36,16,0,52,Donald Cerrone,m,f,69.23076923,2279257
98,Donald Cerrone,250200,2013,89,Donald,Cerrone,"6' 1""",170,Orthodox,36,16,0,52,Donald Cerrone,m,f,69.23076923,2279257
99,Donald Cerrone,616000,2014,89,Donald,Cerrone,"6' 1""",170,Orthodox,36,16,0,52,Donald Cerrone,m,f,69.23076923,2279257
100,Donald Cerrone,547000,2015,89,Donald,Cerrone,"6' 1""",170,Orthodox,36,16,0,52,Donald Cerrone,m,f,69.23076923,2279257
101,Donald Cerrone,986000,2016,89,Donald,Cerrone,"6' 1""",170,Orthodox,36,16,0,52,Donald Cerrone,m,f,69.23076923,2279257
102,Donald Cerrone,525000,2017,89,Donald,Cerrone,"6' 1""",170,Orthodox,36,16,0,52,Donald Cerrone,m,f,69.23076923,2279257
103,Donald Cerrone,900000,2018,89,Donald,Cerrone,"6' 1""",170,Orthodox,36,16,0,52,Donald Cerrone,m,f,69.23076923,2279257
104,Donald Cerrone,1300000,2019,89,Donald,Cerrone,"6' 1""",170,Orthodox,36,16,0,52,Donald Cerrone,m,f,69.23076923,2279257
105,Donald Cerrone,660000,2020,89,Donald,Cerrone,"6' 1""",170,Orthodox,36,16,0,52,Donald Cerrone,m,f,69.23076923,2279257
106,Alistair Overeem,385714,2011,65,Alistair,Overeem,"6' 4""",265,Orthodox,47,19,0,66,Alistair Overeem,m,f,71.21212121,1120399
107,Alistair Overeem,400000,2014,65,Alistair,Overeem,"6' 4""",265,Orthodox,47,19,0,66,Alistair Overeem,m,f,71.21212121,1120399
108,Alistair Overeem,697857,2015,65,Alistair,Overeem,"6' 4""",265,Orthodox,47,19,0,66,Alistair Overeem,m,f,71.21212121,1120399
109,Alistair Overeem,1884500,2016,65,Alistair,Overeem,"6' 4""",265,Orthodox,47,19,0,66,Alistair Overeem,m,f,71.21212121,1120399
110,Alistair Overeem,2430000,2017,65,Alistair,Overeem,"6' 4""",265,Orthodox,47,19,0,66,Alistair Overeem,m,f,71.21212121,1120399
111,Alistair Overeem,1720000,2018,65,Alistair,Overeem,"6' 4""",265,Orthodox,47,19,0,66,Alistair Overeem,m,f,71.21212121,1120399
112,Alistair Overeem,1730000,2019,65,Alistair,Overeem,"6' 4""",265,Orthodox,47,19,0,66,Alistair Overeem,m,f,71.21212121,1120399
113,Alistair Overeem,830000,2020,65,Alistair,Overeem,"6' 4""",265,Orthodox,47,19,0,66,Alistair Overeem,m,f,71.21212121,1120399
114,Dominick Cruz,155000,2011,230,Dominick,Cruz,"5' 8""",135,Orthodox,23,3,0,26,Dominick Cruz,m,t,88.46153846,1176632
115,Dominick Cruz,150000,2014,230,Dominick,Cruz,"5' 8""",135,Orthodox,23,3,0,26,Dominick Cruz,m,t,88.46153846,1176632
116,Dominick Cruz,1020000,2016,230,Dominick,Cruz,"5' 8""",135,Orthodox,23,3,0,26,Dominick Cruz,m,t,88.46153846,1176632
117,Dominick Cruz,330000,2020,230,Dominick,Cruz,"5' 8""",135,Orthodox,23,3,0,26,Dominick Cruz,m,t,88.46153846,1176632
118,Chris Weidman,130000,2011,52,Chris,Weidman,"6' 2""",185,Orthodox,15,6,0,21,Chris Weidman,m,t,71.42857143,1014684
119,Chris Weidman,118000,2012,52,Chris,Weidman,"6' 2""",185,Orthodox,15,6,0,21,Chris Weidman,m,t,71.42857143,1014684
120,Chris Weidman,118000,2013,52,Chris,Weidman,"6' 2""",185,Orthodox,15,6,0,21,Chris Weidman,m,t,71.42857143,1014684
121,Chris Weidman,500000,2014,52,Chris,Weidman,"6' 2""",185,Orthodox,15,6,0,21,Chris Weidman,m,t,71.42857143,1014684
122,Chris Weidman,915000,2015,52,Chris,Weidman,"6' 2""",185,Orthodox,15,6,0,21,Chris Weidman,m,t,71.42857143,1014684
123,Chris Weidman,285000,2016,52,Chris,Weidman,"6' 2""",185,Orthodox,15,6,0,21,Chris Weidman,m,t,71.42857143,1014684
124,Chris Weidman,845000,2017,52,Chris,Weidman,"6' 2""",185,Orthodox,15,6,0,21,Chris Weidman,m,t,71.42857143,1014684
125,Chris Weidman,360000,2018,52,Chris,Weidman,"6' 2""",185,Orthodox,15,6,0,21,Chris Weidman,m,t,71.42857143,1014684
126,Chris Weidman,335000,2019,52,Chris,Weidman,"6' 2""",185,Orthodox,15,6,0,21,Chris Weidman,m,t,71.42857143,1014684
127,Chris Weidman,340000,2020,52,Chris,Weidman,"6' 2""",185,Orthodox,15,6,0,21,Chris Weidman,m,t,71.42857143,1014684
128,Tony Ferguson,116000,2011,23,Tony,Ferguson,"5' 11""",155,Orthodox,26,6,0,32,Tony Ferguson,m,t,81.25,2476530
129,Tony Ferguson,15000,2012,23,Tony,Ferguson,"5' 11""",155,Orthodox,26,6,0,32,Tony Ferguson,m,t,81.25,2476530
130,Tony Ferguson,15000,2013,23,Tony,Ferguson,"5' 11""",155,Orthodox,26,6,0,32,Tony Ferguson,m,t,81.25,2476530
131,Tony Ferguson,128000,2014,23,Tony,Ferguson,"5' 11""",155,Orthodox,26,6,0,32,Tony Ferguson,m,t,81.25,2476530
132,Tony Ferguson,423000,2015,23,Tony,Ferguson,"5' 11""",155,Orthodox,26,6,0,32,Tony Ferguson,m,t,81.25,2476530
133,Tony Ferguson,332000,2016,23,Tony,Ferguson,"5' 11""",155,Orthodox,26,6,0,32,Tony Ferguson,m,t,81.25,2476530
134,Tony Ferguson,630000,2017,23,Tony,Ferguson,"5' 11""",155,Orthodox,26,6,0,32,Tony Ferguson,m,t,81.25,2476530
135,Tony Ferguson,215000,2018,23,Tony,Ferguson,"5' 11""",155,Orthodox,26,6,0,32,Tony Ferguson,m,t,81.25,2476530
136,Tony Ferguson,235000,2019,23,Tony,Ferguson,"5' 11""",155,Orthodox,26,6,0,32,Tony Ferguson,m,t,81.25,2476530
137,Tony Ferguson,695000,2020,23,Tony,Ferguson,"5' 11""",155,Orthodox,26,6,0,32,Tony Ferguson,m,t,81.25,2476530
138,Demetrious Johnson,42000,2011,54,Demetrious,Johnson,"5' 3""",125,Orthodox,27,3,1,31,Demetrious Johnson,m,t,87.09677419,1032516
139,Demetrious Johnson,176000,2012,54,Demetrious,Johnson,"5' 3""",125,Orthodox,27,3,1,31,Demetrious Johnson,m,t,87.09677419,1032516
140,Demetrious Johnson,176000,2013,54,Demetrious,Johnson,"5' 3""",125,Orthodox,27,3,1,31,Demetrious Johnson,m,t,87.09677419,1032516
141,Demetrious Johnson,362000,2014,54,Demetrious,Johnson,"5' 3""",125,Orthodox,27,3,1,31,Demetrious Johnson,m,t,87.09677419,1032516
142,Demetrious Johnson,468000,2015,54,Demetrious,Johnson,"5' 3""",125,Orthodox,27,3,1,31,Demetrious Johnson,m,t,87.09677419,1032516
143,Demetrious Johnson,675000,2016,54,Demetrious,Johnson,"5' 3""",125,Orthodox,27,3,1,31,Demetrious Johnson,m,t,87.09677419,1032516
144,Demetrious Johnson,910000,2017,54,Demetrious,Johnson,"5' 3""",125,Orthodox,27,3,1,31,Demetrious Johnson,m,t,87.09677419,1032516
145,Demetrious Johnson,470000,2018,54,Demetrious,Johnson,"5' 3""",125,Orthodox,27,3,1,31,Demetrious Johnson,m,t,87.09677419,1032516
146,Dustin Poirier,38000,2011,145,Dustin,Poirier,"5' 9""",155,Southpaw,28,6,0,34,Dustin Poirier,m,t,82.35294118,3691922
147,Dustin Poirier,177000,2012,145,Dustin,Poirier,"5' 9""",155,Southpaw,28,6,0,34,Dustin Poirier,m,t,82.35294118,3691922
148,Dustin Poirier,177000,2013,145,Dustin,Poirier,"5' 9""",155,Southpaw,28,6,0,34,Dustin Poirier,m,t,82.35294118,3691922
149,Dustin Poirier,140000,2014,145,Dustin,Poirier,"5' 9""",155,Southpaw,28,6,0,34,Dustin Poirier,m,t,82.35294118,3691922
150,Dustin Poirier,248200,2015,145,Dustin,Poirier,"5' 9""",155,Southpaw,28,6,0,34,Dustin Poirier,m,t,82.35294118,3691922
151,Dustin Poirier,296000,2016,145,Dustin,Poirier,"5' 9""",155,Southpaw,28,6,0,34,Dustin Poirier,m,t,82.35294118,3691922
152,Dustin Poirier,465000,2017,145,Dustin,Poirier,"5' 9""",155,Southpaw,28,6,0,34,Dustin Poirier,m,t,82.35294118,3691922
153,Dustin Poirier,490000,2018,145,Dustin,Poirier,"5' 9""",155,Southpaw,28,6,0,34,Dustin Poirier,m,t,82.35294118,3691922
154,Dustin Poirier,620000,2019,145,Dustin,Poirier,"5' 9""",155,Southpaw,28,6,0,34,Dustin Poirier,m,t,82.35294118,3691922
155,Dustin Poirier,370000,2020,145,Dustin,Poirier,"5' 9""",155,Southpaw,28,6,0,34,Dustin Poirier,m,t,82.35294118,3691922
156,Anthony Pettis,30000,2011,111,Anthony,Pettis,"5' 10""",155,Orthodox,24,10,0,34,Anthony Pettis,m,t,70.58823529,1534658
157,Anthony Pettis,89000,2012,111,Anthony,Pettis,"5' 10""",155,Orthodox,24,10,0,34,Anthony Pettis,m,t,70.58823529,1534658
158,Anthony Pettis,89000,2013,111,Anthony,Pettis,"5' 10""",155,Orthodox,24,10,0,34,Anthony Pettis,m,t,70.58823529,1534658
159,Anthony Pettis,250000,2014,111,Anthony,Pettis,"5' 10""",155,Orthodox,24,10,0,34,Anthony Pettis,m,t,70.58823529,1534658
160,Anthony Pettis,100000,2015,111,Anthony,Pettis,"5' 10""",155,Orthodox,24,10,0,34,Anthony Pettis,m,t,70.58823529,1534658
161,Anthony Pettis,490000,2016,111,Anthony,Pettis,"5' 10""",155,Orthodox,24,10,0,34,Anthony Pettis,m,t,70.58823529,1534658
162,Anthony Pettis,395000,2017,111,Anthony,Pettis,"5' 10""",155,Orthodox,24,10,0,34,Anthony Pettis,m,t,70.58823529,1534658
163,Anthony Pettis,696500,2018,111,Anthony,Pettis,"5' 10""",155,Orthodox,24,10,0,34,Anthony Pettis,m,t,70.58823529,1534658
164,Anthony Pettis,535000,2019,111,Anthony,Pettis,"5' 10""",155,Orthodox,24,10,0,34,Anthony Pettis,m,t,70.58823529,1534658
165,Anthony Pettis,855000,2020,111,Anthony,Pettis,"5' 10""",155,Orthodox,24,10,0,34,Anthony Pettis,m,t,70.58823529,1534658
166,Cub Swanson,15000,2011,395,Cub,Swanson,"5' 8""",145,Orthodox,27,12,0,39,Cub Swanson,m,f,69.23076923,369224
167,Cub Swanson,221000,2012,395,Cub,Swanson,"5' 8""",145,Orthodox,27,12,0,39,Cub Swanson,m,f,69.23076923,369224
168,Cub Swanson,221000,2013,395,Cub,Swanson,"5' 8""",145,Orthodox,27,12,0,39,Cub Swanson,m,f,69.23076923,369224
169,Cub Swanson,153000,2014,395,Cub,Swanson,"5' 8""",145,Orthodox,27,12,0,39,Cub Swanson,m,f,69.23076923,369224
170,Cub Swanson,44000,2015,395,Cub,Swanson,"5' 8""",145,Orthodox,27,12,0,39,Cub Swanson,m,f,69.23076923,369224
171,Cub Swanson,371000,2016,395,Cub,Swanson,"5' 8""",145,Orthodox,27,12,0,39,Cub Swanson,m,f,69.23076923,369224
172,Cub Swanson,364000,2017,395,Cub,Swanson,"5' 8""",145,Orthodox,27,12,0,39,Cub Swanson,m,f,69.23076923,369224
173,Cub Swanson,206000,2018,395,Cub,Swanson,"5' 8""",145,Orthodox,27,12,0,39,Cub Swanson,m,f,69.23076923,369224
174,Cub Swanson,360000,2019,395,Cub,Swanson,"5' 8""",145,Orthodox,27,12,0,39,Cub Swanson,m,f,69.23076923,369224
175,Cub Swanson,210000,2020,395,Cub,Swanson,"5' 8""",145,Orthodox,27,12,0,39,Cub Swanson,m,f,69.23076923,369224
176,Stipe Miocic,8000,2011,243,Stipe,Miocic,"6' 4""",240,Orthodox,20,4,0,24,Stipe Miocic,m,t,83.33333333,1633004
177,Stipe Miocic,141000,2012,243,Stipe,Miocic,"6' 4""",240,Orthodox,20,4,0,24,Stipe Miocic,m,t,83.33333333,1633004
178,Stipe Miocic,141000,2013,243,Stipe,Miocic,"6' 4""",240,Orthodox,20,4,0,24,Stipe Miocic,m,t,83.33333333,1633004
179,Stipe Miocic,220000,2014,243,Stipe,Miocic,"6' 4""",240,Orthodox,20,4,0,24,Stipe Miocic,m,t,83.33333333,1633004
180,Stipe Miocic,60000,2015,243,Stipe,Miocic,"6' 4""",240,Orthodox,20,4,0,24,Stipe Miocic,m,t,83.33333333,1633004
181,Stipe Miocic,1075000,2016,243,Stipe,Miocic,"6' 4""",240,Orthodox,20,4,0,24,Stipe Miocic,m,t,83.33333333,1633004
182,Stipe Miocic,690000,2017,243,Stipe,Miocic,"6' 4""",240,Orthodox,20,4,0,24,Stipe Miocic,m,t,83.33333333,1633004
183,Stipe Miocic,1430000,2018,243,Stipe,Miocic,"6' 4""",240,Orthodox,20,4,0,24,Stipe Miocic,m,t,83.33333333,1633004
184,Stipe Miocic,830000,2019,243,Stipe,Miocic,"6' 4""",240,Orthodox,20,4,0,24,Stipe Miocic,m,t,83.33333333,1633004
185,Stipe Miocic,790000,2020,243,Stipe,Miocic,"6' 4""",240,Orthodox,20,4,0,24,Stipe Miocic,m,t,83.33333333,1633004
186,T.J. Dillashaw,8000,2011,105,TJ,Dillashaw,"5' 6""",135,Orthodox,18,4,0,22,T.J. Dillashaw,m,t,81.81818182,1434155
187,T.J. Dillashaw,36000,2012,105,TJ,Dillashaw,"5' 6""",135,Orthodox,18,4,0,22,T.J. Dillashaw,m,t,81.81818182,1434155
188,T.J. Dillashaw,36000,2013,105,TJ,Dillashaw,"5' 6""",135,Orthodox,18,4,0,22,T.J. Dillashaw,m,t,81.81818182,1434155
189,T.J. Dillashaw,314000,2014,105,TJ,Dillashaw,"5' 6""",135,Orthodox,18,4,0,22,T.J. Dillashaw,m,t,81.81818182,1434155
190,T.J. Dillashaw,210000,2015,105,TJ,Dillashaw,"5' 6""",135,Orthodox,18,4,0,22,T.J. Dillashaw,m,t,81.81818182,1434155
191,T.J. Dillashaw,430000,2016,105,TJ,Dillashaw,"5' 6""",135,Orthodox,18,4,0,22,T.J. Dillashaw,m,t,81.81818182,1434155
192,T.J. Dillashaw,280000,2017,105,TJ,Dillashaw,"5' 6""",135,Orthodox,18,4,0,22,T.J. Dillashaw,m,t,81.81818182,1434155
193,T.J. Dillashaw,440000,2018,105,TJ,Dillashaw,"5' 6""",135,Orthodox,18,4,0,22,T.J. Dillashaw,m,t,81.81818182,1434155
194,T.J. Dillashaw,380000,2019,105,TJ,Dillashaw,"5' 6""",135,Orthodox,18,4,0,22,T.J. Dillashaw,m,t,81.81818182,1434155
195,Stephen Thompson,85000,2012,68,Stephen,Thompson,"6' 0""",170,Orthodox,16,5,1,22,Stephen Thompson,m,f,72.72727273,692703
196,Stephen Thompson,85000,2013,68,Stephen,Thompson,"6' 0""",170,Orthodox,16,5,1,22,Stephen Thompson,m,f,72.72727273,692703
197,Stephen Thompson,110000,2014,68,Stephen,Thompson,"6' 0""",170,Orthodox,16,5,1,22,Stephen Thompson,m,f,72.72727273,692703
198,Stephen Thompson,97000,2015,68,Stephen,Thompson,"6' 0""",170,Orthodox,16,5,1,22,Stephen Thompson,m,f,72.72727273,692703
199,Stephen Thompson,512000,2016,68,Stephen,Thompson,"6' 0""",170,Orthodox,16,5,1,22,Stephen Thompson,m,f,72.72727273,692703
200,Stephen Thompson,478000,2017,68,Stephen,Thompson,"6' 0""",170,Orthodox,16,5,1,22,Stephen Thompson,m,f,72.72727273,692703
201,Stephen Thompson,182400,2018,68,Stephen,Thompson,"6' 0""",170,Orthodox,16,5,1,22,Stephen Thompson,m,f,72.72727273,692703
202,Stephen Thompson,430000,2019,68,Stephen,Thompson,"6' 0""",170,Orthodox,16,5,1,22,Stephen Thompson,m,f,72.72727273,692703
203,Stephen Thompson,320000,2020,68,Stephen,Thompson,"6' 0""",170,Orthodox,16,5,1,22,Stephen Thompson,m,f,72.72727273,692703
204,Max Holloway,62000,2012,139,Max,Holloway,"5' 11""",145,Orthodox,23,6,0,29,Max Holloway,m,t,79.31034483,2637878
205,Max Holloway,62000,2013,139,Max,Holloway,"5' 11""",145,Orthodox,23,6,0,29,Max Holloway,m,t,79.31034483,2637878
206,Max Holloway,252000,2014,139,Max,Holloway,"5' 11""",145,Orthodox,23,6,0,29,Max Holloway,m,t,79.31034483,2637878
207,Max Holloway,370000,2015,139,Max,Holloway,"5' 11""",145,Orthodox,23,6,0,29,Max Holloway,m,t,79.31034483,2637878
208,Max Holloway,420000,2016,139,Max,Holloway,"5' 11""",145,Orthodox,23,6,0,29,Max Holloway,m,t,79.31034483,2637878
209,Max Holloway,850000,2017,139,Max,Holloway,"5' 11""",145,Orthodox,23,6,0,29,Max Holloway,m,t,79.31034483,2637878
210,Max Holloway,490000,2018,139,Max,Holloway,"5' 11""",145,Orthodox,23,6,0,29,Max Holloway,m,t,79.31034483,2637878
211,Max Holloway,1220000,2019,139,Max,Holloway,"5' 11""",145,Orthodox,23,6,0,29,Max Holloway,m,t,79.31034483,2637878
212,Max Holloway,280000,2020,139,Max,Holloway,"5' 11""",145,Orthodox,23,6,0,29,Max Holloway,m,t,79.31034483,2637878
213,Khabib Nurmagomedov,40000,2012,97,Khabib,Nurmagomedov,"5' 10""",155,Orthodox,29,0,0,29,Khabib Nurmagomedov,m,t,100,31922280
214,Khabib Nurmagomedov,40000,2013,97,Khabib,Nurmagomedov,"5' 10""",155,Orthodox,29,0,0,29,Khabib Nurmagomedov,m,t,100,31922280
215,Khabib Nurmagomedov,64000,2014,97,Khabib,Nurmagomedov,"5' 10""",155,Orthodox,29,0,0,29,Khabib Nurmagomedov,m,t,100,31922280
216,Khabib Nurmagomedov,110000,2016,97,Khabib,Nurmagomedov,"5' 10""",155,Orthodox,29,0,0,29,Khabib Nurmagomedov,m,t,100,31922280
217,Khabib Nurmagomedov,215000,2017,97,Khabib,Nurmagomedov,"5' 10""",155,Orthodox,29,0,0,29,Khabib Nurmagomedov,m,t,100,31922280
218,Khabib Nurmagomedov,2570000,2018,97,Khabib,Nurmagomedov,"5' 10""",155,Orthodox,29,0,0,29,Khabib Nurmagomedov,m,t,100,31922280
219,Khabib Nurmagomedov,6090000,2019,97,Khabib,Nurmagomedov,"5' 10""",155,Orthodox,29,0,0,29,Khabib Nurmagomedov,m,t,100,31922280
220,Khabib Nurmagomedov,6090000,2020,97,Khabib,Nurmagomedov,"5' 10""",155,Orthodox,29,0,0,29,Khabib Nurmagomedov,m,t,100,31922280
221,Robert Whittaker,16000,2012,72,Robert,Whittaker,"6' 0""",185,Orthodox,24,5,0,29,Robert Whittaker,m,t,82.75862069,1033727
222,Robert Whittaker,16000,2013,72,Robert,Whittaker,"6' 0""",185,Orthodox,24,5,0,29,Robert Whittaker,m,t,82.75862069,1033727
223,Robert Whittaker,145000,2014,72,Robert,Whittaker,"6' 0""",185,Orthodox,24,5,0,29,Robert Whittaker,m,t,82.75862069,1033727
224,Robert Whittaker,143000,2015,72,Robert,Whittaker,"6' 0""",185,Orthodox,24,5,0,29,Robert Whittaker,m,t,82.75862069,1033727
225,Robert Whittaker,234000,2016,72,Robert,Whittaker,"6' 0""",185,Orthodox,24,5,0,29,Robert Whittaker,m,t,82.75862069,1033727
226,Robert Whittaker,558000,2017,72,Robert,Whittaker,"6' 0""",185,Orthodox,24,5,0,29,Robert Whittaker,m,t,82.75862069,1033727
227,Robert Whittaker,610000,2018,72,Robert,Whittaker,"6' 0""",185,Orthodox,24,5,0,29,Robert Whittaker,m,t,82.75862069,1033727
228,Robert Whittaker,440000,2019,72,Robert,Whittaker,"6' 0""",185,Orthodox,24,5,0,29,Robert Whittaker,m,t,82.75862069,1033727
229,Robert Whittaker,745000,2020,72,Robert,Whittaker,"6' 0""",185,Orthodox,24,5,0,29,Robert Whittaker,m,t,82.75862069,1033727
230,Luke Rockhold,370000,2014,124,Luke,Rockhold,"6' 3""",205,Southpaw,16,5,0,21,Luke Rockhold,m,t,76.19047619,818514
231,Luke Rockhold,400000,2015,124,Luke,Rockhold,"6' 3""",205,Southpaw,16,5,0,21,Luke Rockhold,m,t,76.19047619,818514
232,Luke Rockhold,290000,2016,124,Luke,Rockhold,"6' 3""",205,Southpaw,16,5,0,21,Luke Rockhold,m,t,76.19047619,818514
233,Luke Rockhold,180000,2017,124,Luke,Rockhold,"6' 3""",205,Southpaw,16,5,0,21,Luke Rockhold,m,t,76.19047619,818514
234,Luke Rockhold,485000,2018,124,Luke,Rockhold,"6' 3""",205,Southpaw,16,5,0,21,Luke Rockhold,m,t,76.19047619,818514
235,Luke Rockhold,210000,2019,124,Luke,Rockhold,"6' 3""",205,Southpaw,16,5,0,21,Luke Rockhold,m,t,76.19047619,818514
236,Tyron Woodley,342000,2014,111,Tyron,Woodley,"5' 9""",170,Orthodox,19,7,1,27,Tyron Woodley,m,t,70.37037037,2088952
237,Tyron Woodley,139000,2015,111,Tyron,Woodley,"5' 9""",170,Orthodox,19,7,1,27,Tyron Woodley,m,t,70.37037037,2088952
238,Tyron Woodley,1010000,2016,111,Tyron,Woodley,"5' 9""",170,Orthodox,19,7,1,27,Tyron Woodley,m,t,70.37037037,2088952
239,Tyron Woodley,1080000,2017,111,Tyron,Woodley,"5' 9""",170,Orthodox,19,7,1,27,Tyron Woodley,m,t,70.37037037,2088952
240,Tyron Woodley,590000,2018,111,Tyron,Woodley,"5' 9""",170,Orthodox,19,7,1,27,Tyron Woodley,m,t,70.37037037,2088952
241,Tyron Woodley,540000,2019,111,Tyron,Woodley,"5' 9""",170,Orthodox,19,7,1,27,Tyron Woodley,m,t,70.37037037,2088952
242,Tyron Woodley,445000,2020,111,Tyron,Woodley,"5' 9""",170,Orthodox,19,7,1,27,Tyron Woodley,m,t,70.37037037,2088952
243,Daniel Cormier,330000,2014,186,Daniel,Cormier,"5' 11""",235,Orthodox,22,3,0,25,Daniel Cormier,m,t,88,2978384
244,Daniel Cormier,650000,2015,186,Daniel,Cormier,"5' 11""",235,Orthodox,22,3,0,25,Daniel Cormier,m,t,88,2978384
245,Daniel Cormier,540000,2016,186,Daniel,Cormier,"5' 11""",235,Orthodox,22,3,0,25,Daniel Cormier,m,t,88,2978384
246,Daniel Cormier,1680000,2017,186,Daniel,Cormier,"5' 11""",235,Orthodox,22,3,0,25,Daniel Cormier,m,t,88,2978384
247,Daniel Cormier,1820000,2018,186,Daniel,Cormier,"5' 11""",235,Orthodox,22,3,0,25,Daniel Cormier,m,t,88,2978384
248,Daniel Cormier,540000,2019,186,Daniel,Cormier,"5' 11""",235,Orthodox,22,3,0,25,Daniel Cormier,m,t,88,2978384
249,Daniel Cormier,530000,2020,186,Daniel,Cormier,"5' 11""",235,Orthodox,22,3,0,25,Daniel Cormier,m,t,88,2978384
250,Ronda Rousey,330000,2014,175,Ronda,Rousey,"5' 7""",135,Orthodox,12,2,0,14,Ronda Rousey,f,t,85.71428571,13842894
251,Ronda Rousey,575000,2015,175,Ronda,Rousey,"5' 7""",135,Orthodox,12,2,0,14,Ronda Rousey,f,t,85.71428571,13842894
252,Ronda Rousey,3030000,2016,175,Ronda,Rousey,"5' 7""",135,Orthodox,12,2,0,14,Ronda Rousey,f,t,85.71428571,13842894
253,Conor McGregor,282000,2014,158,Conor,McGregor,"5' 9""",155,Southpaw,22,6,0,28,Conor McGregor,m,t,78.57142857,43095580
254,Conor McGregor,1390000,2015,158,Conor,McGregor,"5' 9""",155,Southpaw,22,6,0,28,Conor McGregor,m,t,78.57142857,43095580
255,Conor McGregor,7770000,2016,158,Conor,McGregor,"5' 9""",155,Southpaw,22,6,0,28,Conor McGregor,m,t,78.57142857,43095580
256,Conor McGregor,3030000,2018,158,Conor,McGregor,"5' 9""",155,Southpaw,22,6,0,28,Conor McGregor,m,t,78.57142857,43095580
257,Conor McGregor,3060000,2020,158,Conor,McGregor,"5' 9""",155,Southpaw,22,6,0,28,Conor McGregor,m,t,78.57142857,43095580
258,Jorge Masvidal,252000,2014,111,Jorge,Masvidal,"5' 11""",170,Orthodox,35,15,0,50,Jorge Masvidal,m,f,70,3048295
259,Jorge Masvidal,280000,2015,111,Jorge,Masvidal,"5' 11""",170,Orthodox,35,15,0,50,Jorge Masvidal,m,f,70,3048295
260,Jorge Masvidal,321000,2016,111,Jorge,Masvidal,"5' 11""",170,Orthodox,35,15,0,50,Jorge Masvidal,m,f,70,3048295
261,Jorge Masvidal,353000,2017,111,Jorge,Masvidal,"5' 11""",170,Orthodox,35,15,0,50,Jorge Masvidal,m,f,70,3048295
262,Jorge Masvidal,1032000,2019,111,Jorge,Masvidal,"5' 11""",170,Orthodox,35,15,0,50,Jorge Masvidal,m,f,70,3048295
263,Jorge Masvidal,530000,2020,111,Jorge,Masvidal,"5' 11""",170,Orthodox,35,15,0,50,Jorge Masvidal,m,f,70,3048295
264,Yoel Romero,236000,2014,153,Yoel,Romero,"6' 0""",185,Southpaw,13,5,0,18,Yoel Romero,m,f,72.22222222,1168100
265,Yoel Romero,271000,2015,153,Yoel,Romero,"6' 0""",185,Southpaw,13,5,0,18,Yoel Romero,m,f,72.22222222,1168100
266,Yoel Romero,215000,2016,153,Yoel,Romero,"6' 0""",185,Southpaw,13,5,0,18,Yoel Romero,m,f,72.22222222,1168100
267,Yoel Romero,430000,2017,153,Yoel,Romero,"6' 0""",185,Southpaw,13,5,0,18,Yoel Romero,m,f,72.22222222,1168100
268,Yoel Romero,545000,2018,153,Yoel,Romero,"6' 0""",185,Southpaw,13,5,0,18,Yoel Romero,m,f,72.22222222,1168100
269,Yoel Romero,210000,2019,153,Yoel,Romero,"6' 0""",185,Southpaw,13,5,0,18,Yoel Romero,m,f,72.22222222,1168100
270,Yoel Romero,380000,2020,153,Yoel,Romero,"6' 0""",185,Southpaw,13,5,0,18,Yoel Romero,m,f,72.22222222,1168100
271,Kelvin Gastelum,147000,2014,44,Kelvin,Gastelum,"5' 9""",185,Southpaw,17,8,0,25,Kelvin Gastelum,m,f,68,504265
272,Kelvin Gastelum,140000,2015,44,Kelvin,Gastelum,"5' 9""",185,Southpaw,17,8,0,25,Kelvin Gastelum,m,f,68,504265
273,Kelvin Gastelum,166000,2016,44,Kelvin,Gastelum,"5' 9""",185,Southpaw,17,8,0,25,Kelvin Gastelum,m,f,68,504265
274,Kelvin Gastelum,318400,2017,44,Kelvin,Gastelum,"5' 9""",185,Southpaw,17,8,0,25,Kelvin Gastelum,m,f,68,504265
275,Kelvin Gastelum,150000,2018,44,Kelvin,Gastelum,"5' 9""",185,Southpaw,17,8,0,25,Kelvin Gastelum,m,f,68,504265
276,Kelvin Gastelum,394000,2019,44,Kelvin,Gastelum,"5' 9""",185,Southpaw,17,8,0,25,Kelvin Gastelum,m,f,68,504265
277,Kelvin Gastelum,365000,2020,44,Kelvin,Gastelum,"5' 9""",185,Southpaw,17,8,0,25,Kelvin Gastelum,m,f,68,504265
278,Miesha Tate,122000,2014,28,Miesha,Tate,"5' 6""",135,Orthodox,19,8,0,27,Miesha Tate,f,t,70.37037037,2118950
279,Miesha Tate,161000,2015,28,Miesha,Tate,"5' 6""",135,Orthodox,19,8,0,27,Miesha Tate,f,t,70.37037037,2118950
280,Miesha Tate,772000,2016,28,Miesha,Tate,"5' 6""",135,Orthodox,19,8,0,27,Miesha Tate,f,t,70.37037037,2118950
281,Gilbert Burns,86000,2014,250,Gilbert,Burns,"5' 10""",170,Orthodox,20,4,0,24,Gilbert Burns,m,f,83.33333333,475872
282,Gilbert Burns,90500,2015,250,Gilbert,Burns,"5' 10""",170,Orthodox,20,4,0,24,Gilbert Burns,m,f,83.33333333,475872
283,Gilbert Burns,82700,2016,250,Gilbert,Burns,"5' 10""",170,Orthodox,20,4,0,24,Gilbert Burns,m,f,83.33333333,475872
284,Gilbert Burns,47000,2017,250,Gilbert,Burns,"5' 10""",170,Orthodox,20,4,0,24,Gilbert Burns,m,f,83.33333333,475872
285,Gilbert Burns,164000,2018,250,Gilbert,Burns,"5' 10""",170,Orthodox,20,4,0,24,Gilbert Burns,m,f,83.33333333,475872
286,Gilbert Burns,306000,2019,250,Gilbert,Burns,"5' 10""",170,Orthodox,20,4,0,24,Gilbert Burns,m,f,83.33333333,475872
287,Gilbert Burns,388000,2020,250,Gilbert,Burns,"5' 10""",170,Orthodox,20,4,0,24,Gilbert Burns,m,f,83.33333333,475872
288,Paige VanZant,66000,2014,19,Paige,VanZant,"5' 4""",115,Orthodox,8,5,0,13,Paige VanZant,f,f,61.53846154,2989759
289,Paige VanZant,89000,2015,19,Paige,VanZant,"5' 4""",115,Orthodox,8,5,0,13,Paige VanZant,f,f,61.53846154,2989759
290,Paige VanZant,132500,2016,19,Paige,VanZant,"5' 4""",115,Orthodox,8,5,0,13,Paige VanZant,f,f,61.53846154,2989759
291,Paige VanZant,48000,2018,19,Paige,VanZant,"5' 4""",115,Orthodox,8,5,0,13,Paige VanZant,f,f,61.53846154,2989759
292,Paige VanZant,91000,2019,19,Paige,VanZant,"5' 4""",115,Orthodox,8,5,0,13,Paige VanZant,f,f,61.53846154,2989759
293,Paige VanZant,51000,2020,19,Paige,VanZant,"5' 4""",115,Orthodox,8,5,0,13,Paige VanZant,f,f,61.53846154,2989759
294,Derrick Lewis,51000,2014,97,Derrick,Lewis,"6' 3""",260,Orthodox,25,8,0,33,Derrick Lewis,m,f,75.75757576,2142596
295,Derrick Lewis,95000,2015,97,Derrick,Lewis,"6' 3""",260,Orthodox,25,8,0,33,Derrick Lewis,m,f,75.75757576,2142596
296,Derrick Lewis,318000,2016,97,Derrick,Lewis,"6' 3""",260,Orthodox,25,8,0,33,Derrick Lewis,m,f,75.75757576,2142596
297,Derrick Lewis,327000,2017,97,Derrick,Lewis,"6' 3""",260,Orthodox,25,8,0,33,Derrick Lewis,m,f,75.75757576,2142596
298,Derrick Lewis,1440000,2018,97,Derrick,Lewis,"6' 3""",260,Orthodox,25,8,0,33,Derrick Lewis,m,f,75.75757576,2142596
299,Derrick Lewis,500000,2019,97,Derrick,Lewis,"6' 3""",260,Orthodox,25,8,0,33,Derrick Lewis,m,f,75.75757576,2142596
300,Derrick Lewis,620000,2020,97,Derrick,Lewis,"6' 3""",260,Orthodox,25,8,0,33,Derrick Lewis,m,f,75.75757576,2142596
301,Jan Blachowicz,47000,2014,118,Jan,Blachowicz,"6' 2""",205,Orthodox,28,9,0,37,Jan Blachowicz,m,t,75.67567568,709258
302,Jan Blachowicz,70500,2015,118,Jan,Blachowicz,"6' 2""",205,Orthodox,28,9,0,37,Jan Blachowicz,m,t,75.67567568,709258
303,Jan Blachowicz,109000,2016,118,Jan,Blachowicz,"6' 2""",205,Orthodox,28,9,0,37,Jan Blachowicz,m,t,75.67567568,709258
304,Jan Blachowicz,229000,2017,118,Jan,Blachowicz,"6' 2""",205,Orthodox,28,9,0,37,Jan Blachowicz,m,t,75.67567568,709258
305,Jan Blachowicz,234000,2018,118,Jan,Blachowicz,"6' 2""",205,Orthodox,28,9,0,37,Jan Blachowicz,m,t,75.67567568,709258
306,Jan Blachowicz,314000,2019,118,Jan,Blachowicz,"6' 2""",205,Orthodox,28,9,0,37,Jan Blachowicz,m,t,75.67567568,709258
307,Jan Blachowicz,590000,2020,118,Jan,Blachowicz,"6' 2""",205,Orthodox,28,9,0,37,Jan Blachowicz,m,t,75.67567568,709258
308,Jessica Andrade,44000,2014,109,Jessica,Andrade,"5' 1""",125,Orthodox,22,9,0,31,Jessica Andrade,f,t,70.96774194,339647
309,Jessica Andrade,78000,2015,109,Jessica,Andrade,"5' 1""",125,Orthodox,22,9,0,31,Jessica Andrade,f,t,70.96774194,339647
310,Jessica Andrade,148000,2016,109,Jessica,Andrade,"5' 1""",125,Orthodox,22,9,0,31,Jessica Andrade,f,t,70.96774194,339647
311,Jessica Andrade,353000,2017,109,Jessica,Andrade,"5' 1""",125,Orthodox,22,9,0,31,Jessica Andrade,f,t,70.96774194,339647
312,Jessica Andrade,266000,2018,109,Jessica,Andrade,"5' 1""",125,Orthodox,22,9,0,31,Jessica Andrade,f,t,70.96774194,339647
313,Jessica Andrade,370000,2019,109,Jessica,Andrade,"5' 1""",125,Orthodox,22,9,0,31,Jessica Andrade,f,t,70.96774194,339647
314,Jessica Andrade,310000,2020,109,Jessica,Andrade,"5' 1""",125,Orthodox,22,9,0,31,Jessica Andrade,f,t,70.96774194,339647
315,Kevin Lee,44000,2014,65,Kevin,Lee,"5' 9""",170,Orthodox,18,7,0,25,Kevin Lee,m,f,72,322138
316,Kevin Lee,78500,2015,65,Kevin,Lee,"5' 9""",170,Orthodox,18,7,0,25,Kevin Lee,m,f,72,322138
317,Kevin Lee,227000,2016,65,Kevin,Lee,"5' 9""",170,Orthodox,18,7,0,25,Kevin Lee,m,f,72,322138
318,Kevin Lee,517000,2017,65,Kevin,Lee,"5' 9""",170,Orthodox,18,7,0,25,Kevin Lee,m,f,72,322138
319,Kevin Lee,239000,2018,65,Kevin,Lee,"5' 9""",170,Orthodox,18,7,0,25,Kevin Lee,m,f,72,322138
320,Kevin Lee,327000,2019,65,Kevin,Lee,"5' 9""",170,Orthodox,18,7,0,25,Kevin Lee,m,f,72,322138
321,Kevin Lee,83800,2020,65,Kevin,Lee,"5' 9""",170,Orthodox,18,7,0,25,Kevin Lee,m,f,72,322138
322,Aljamain Sterling,36000,2014,341,Aljamain,Sterling,"5' 7""",135,Orthodox,20,3,0,23,Aljamain Sterling,m,t,86.95652174,326221
323,Aljamain Sterling,54500,2015,341,Aljamain,Sterling,"5' 7""",135,Orthodox,20,3,0,23,Aljamain Sterling,m,t,86.95652174,326221
324,Aljamain Sterling,32500,2016,341,Aljamain,Sterling,"5' 7""",135,Orthodox,20,3,0,23,Aljamain Sterling,m,t,86.95652174,326221
325,Aljamain Sterling,212000,2017,341,Aljamain,Sterling,"5' 7""",135,Orthodox,20,3,0,23,Aljamain Sterling,m,t,86.95652174,326221
326,Aljamain Sterling,163000,2018,341,Aljamain,Sterling,"5' 7""",135,Orthodox,20,3,0,23,Aljamain Sterling,m,t,86.95652174,326221
327,Aljamain Sterling,310000,2019,341,Aljamain,Sterling,"5' 7""",135,Orthodox,20,3,0,23,Aljamain Sterling,m,t,86.95652174,326221
328,Aljamain Sterling,212000,2020,341,Aljamain,Sterling,"5' 7""",135,Orthodox,20,3,0,23,Aljamain Sterling,m,t,86.95652174,326221
329,Colby Covington,36000,2014,211,Colby,Covington,"5' 11""",170,Orthodox,16,3,0,19,Colby Covington,m,t,84.21052632,678859
330,Colby Covington,44500,2015,211,Colby,Covington,"5' 11""",170,Orthodox,16,3,0,19,Colby Covington,m,t,84.21052632,678859
331,Colby Covington,85500,2016,211,Colby,Covington,"5' 11""",170,Orthodox,16,3,0,19,Colby Covington,m,t,84.21052632,678859
332,Colby Covington,154000,2017,211,Colby,Covington,"5' 11""",170,Orthodox,16,3,0,19,Colby Covington,m,t,84.21052632,678859
333,Colby Covington,380000,2018,211,Colby,Covington,"5' 11""",170,Orthodox,16,3,0,19,Colby Covington,m,t,84.21052632,678859
334,Colby Covington,680000,2019,211,Colby,Covington,"5' 11""",170,Orthodox,16,3,0,19,Colby Covington,m,t,84.21052632,678859
335,Colby Covington,310000,2020,211,Colby,Covington,"5' 11""",170,Orthodox,16,3,0,19,Colby Covington,m,t,84.21052632,678859
336,Zubaira Tukhugov,36000,2014,123,Zubaira,Tukhugov,"5' 8""",145,Orthodox,20,5,1,26,Zubaira Tukhugov,m,f,76.92307692,3373818
337,Zubaira Tukhugov,26500,2015,123,Zubaira,Tukhugov,"5' 8""",145,Orthodox,20,5,1,26,Zubaira Tukhugov,m,f,76.92307692,3373818
338,Zubaira Tukhugov,16500,2016,123,Zubaira,Tukhugov,"5' 8""",145,Orthodox,20,5,1,26,Zubaira Tukhugov,m,f,76.92307692,3373818
339,Zubaira Tukhugov,18000,2019,123,Zubaira,Tukhugov,"5' 8""",145,Orthodox,20,5,1,26,Zubaira Tukhugov,m,f,76.92307692,3373818
340,Zubaira Tukhugov,53400,2020,123,Zubaira,Tukhugov,"5' 8""",145,Orthodox,20,5,1,26,Zubaira Tukhugov,m,f,76.92307692,3373818
341,Thiago Santos,27600,2014,74,Thiago,Santos,"6' 2""",205,Orthodox,22,9,0,31,Thiago Santos,m,f,70.96774194,532726
342,Thiago Santos,151000,2015,74,Thiago,Santos,"6' 2""",205,Orthodox,22,9,0,31,Thiago Santos,m,f,70.96774194,532726
343,Thiago Santos,115000,2016,74,Thiago,Santos,"6' 2""",205,Orthodox,22,9,0,31,Thiago Santos,m,f,70.96774194,532726
344,Thiago Santos,279000,2017,74,Thiago,Santos,"6' 2""",205,Orthodox,22,9,0,31,Thiago Santos,m,f,70.96774194,532726
345,Thiago Santos,648000,2018,74,Thiago,Santos,"6' 2""",205,Orthodox,22,9,0,31,Thiago Santos,m,f,70.96774194,532726
346,Thiago Santos,560000,2019,74,Thiago,Santos,"6' 2""",205,Orthodox,22,9,0,31,Thiago Santos,m,f,70.96774194,532726
347,Thiago Santos,95000,2020,74,Thiago,Santos,"6' 2""",205,Orthodox,22,9,0,31,Thiago Santos,m,f,70.96774194,532726
348,Claudia Gadelha,26000,2014,2,Claudia,Gadelha,"5' 4""",115,Orthodox,18,5,0,23,Claudia Gadelha,f,f,78.26086957,967609
349,Claudia Gadelha,26500,2015,2,Claudia,Gadelha,"5' 4""",115,Orthodox,18,5,0,23,Claudia Gadelha,f,f,78.26086957,967609
350,Claudia Gadelha,232500,2016,2,Claudia,Gadelha,"5' 4""",115,Orthodox,18,5,0,23,Claudia Gadelha,f,f,78.26086957,967609
351,Claudia Gadelha,190500,2017,2,Claudia,Gadelha,"5' 4""",115,Orthodox,18,5,0,23,Claudia Gadelha,f,f,78.26086957,967609
352,Claudia Gadelha,99000,2018,2,Claudia,Gadelha,"5' 4""",115,Orthodox,18,5,0,23,Claudia Gadelha,f,f,78.26086957,967609
353,Claudia Gadelha,107000,2019,2,Claudia,Gadelha,"5' 4""",115,Orthodox,18,5,0,23,Claudia Gadelha,f,f,78.26086957,967609
354,Claudia Gadelha,233000,2020,2,Claudia,Gadelha,"5' 4""",115,Orthodox,18,5,0,23,Claudia Gadelha,f,f,78.26086957,967609
355,Dan Hooker,26000,2014,157,Dan,Hooker,"6' 0""",155,Switch,21,11,0,32,Dan Hooker,m,f,65.625,310640
356,Dan Hooker,84500,2015,157,Dan,Hooker,"6' 0""",155,Switch,21,11,0,32,Dan Hooker,m,f,65.625,310640
357,Dan Hooker,45500,2016,157,Dan,Hooker,"6' 0""",155,Switch,21,11,0,32,Dan Hooker,m,f,65.625,310640
358,Dan Hooker,152000,2017,157,Dan,Hooker,"6' 0""",155,Switch,21,11,0,32,Dan Hooker,m,f,65.625,310640
359,Dan Hooker,207000,2018,157,Dan,Hooker,"6' 0""",155,Switch,21,11,0,32,Dan Hooker,m,f,65.625,310640
360,Dan Hooker,380000,2019,157,Dan,Hooker,"6' 0""",155,Switch,21,11,0,32,Dan Hooker,m,f,65.625,310640
361,Dan Hooker,400000,2020,157,Dan,Hooker,"6' 0""",155,Switch,21,11,0,32,Dan Hooker,m,f,65.625,310640
362,Rose Namajunas,25000,2014,17,Rose,Namajunas,"5' 5""",115,Orthodox,12,4,0,16,Rose Namajunas,f,t,75,2286968
363,Rose Namajunas,211000,2015,17,Rose,Namajunas,"5' 5""",115,Orthodox,12,4,0,16,Rose Namajunas,f,t,75,2286968
364,Rose Namajunas,187000,2016,17,Rose,Namajunas,"5' 5""",115,Orthodox,12,4,0,16,Rose Namajunas,f,t,75,2286968
365,Rose Namajunas,322500,2017,17,Rose,Namajunas,"5' 5""",115,Orthodox,12,4,0,16,Rose Namajunas,f,t,75,2286968
366,Rose Namajunas,240000,2018,17,Rose,Namajunas,"5' 5""",115,Orthodox,12,4,0,16,Rose Namajunas,f,t,75,2286968
367,Rose Namajunas,195000,2019,17,Rose,Namajunas,"5' 5""",115,Orthodox,12,4,0,16,Rose Namajunas,f,t,75,2286968
368,Rose Namajunas,160000,2020,17,Rose,Namajunas,"5' 5""",115,Orthodox,12,4,0,16,Rose Namajunas,f,t,75,2286968
369,Uriah Hall,20000,2014,10,Uriah,Hall,"6' 0""",185,Orthodox,18,10,0,28,Uriah Hall,m,f,64.28571429,315562
370,Uriah Hall,185000,2015,10,Uriah,Hall,"6' 0""",185,Orthodox,18,10,0,28,Uriah Hall,m,f,64.28571429,315562
371,Uriah Hall,51000,2016,10,Uriah,Hall,"6' 0""",185,Orthodox,18,10,0,28,Uriah Hall,m,f,64.28571429,315562
372,Uriah Hall,96000,2017,10,Uriah,Hall,"6' 0""",185,Orthodox,18,10,0,28,Uriah Hall,m,f,64.28571429,315562
373,Uriah Hall,178000,2018,10,Uriah,Hall,"6' 0""",185,Orthodox,18,10,0,28,Uriah Hall,m,f,64.28571429,315562
374,Uriah Hall,130000,2019,10,Uriah,Hall,"6' 0""",185,Orthodox,18,10,0,28,Uriah Hall,m,f,64.28571429,315562
375,Uriah Hall,145000,2020,10,Uriah,Hall,"6' 0""",185,Orthodox,18,10,0,28,Uriah Hall,m,f,64.28571429,315562
376,Brian Ortega,16000,2014,49,Brian,Ortega,"5' 8""",145,Switch,15,2,0,17,Brian Ortega,m,f,88.23529412,792758
377,Brian Ortega,70000,2015,49,Brian,Ortega,"5' 8""",145,Switch,15,2,0,17,Brian Ortega,m,f,88.23529412,792758
378,Brian Ortega,75000,2016,49,Brian,Ortega,"5' 8""",145,Switch,15,2,0,17,Brian Ortega,m,f,88.23529412,792758
379,Brian Ortega,267500,2017,49,Brian,Ortega,"5' 8""",145,Switch,15,2,0,17,Brian Ortega,m,f,88.23529412,792758
380,Brian Ortega,585000,2018,49,Brian,Ortega,"5' 8""",145,Switch,15,2,0,17,Brian Ortega,m,f,88.23529412,792758
381,Brian Ortega,225000,2020,49,Brian,Ortega,"5' 8""",145,Switch,15,2,0,17,Brian Ortega,m,f,88.23529412,792758
382,Marlon Vera,8000,2014,41,Marlon,Vera,"5' 8""",135,Switch,18,7,1,26,Marlon Vera,m,f,69.23076923,512195
383,Marlon Vera,72500,2015,41,Marlon,Vera,"5' 8""",135,Switch,18,7,1,26,Marlon Vera,m,f,69.23076923,512195
384,Marlon Vera,41000,2016,41,Marlon,Vera,"5' 8""",135,Switch,18,7,1,26,Marlon Vera,m,f,69.23076923,512195
385,Marlon Vera,140500,2017,41,Marlon,Vera,"5' 8""",135,Switch,18,7,1,26,Marlon Vera,m,f,69.23076923,512195
386,Marlon Vera,179000,2018,41,Marlon,Vera,"5' 8""",135,Switch,18,7,1,26,Marlon Vera,m,f,69.23076923,512195
387,Marlon Vera,366000,2019,41,Marlon,Vera,"5' 8""",135,Switch,18,7,1,26,Marlon Vera,m,f,69.23076923,512195
388,Marlon Vera,350000,2020,41,Marlon,Vera,"5' 8""",135,Switch,18,7,1,26,Marlon Vera,m,f,69.23076923,512195
389,Shayna Baszler,8000,2014,54,Shayna,Baszler,"5' 7""",135,Orthodox,15,11,0,26,Shayna Baszler,f,f,57.69230769,423946
390,Shayna Baszler,8000,2015,54,Shayna,Baszler,"5' 7""",135,Orthodox,15,11,0,26,Shayna Baszler,f,f,57.69230769,423946
391,Holly Holm,282500,2015,142,Holly,Holm,"5' 8""",135,Southpaw,14,5,0,19,Holly Holm,f,t,73.68421053,2266523
392,Holly Holm,572500,2016,142,Holly,Holm,"5' 8""",135,Southpaw,14,5,0,19,Holly Holm,f,t,73.68421053,2266523
393,Holly Holm,675000,2017,142,Holly,Holm,"5' 8""",135,Southpaw,14,5,0,19,Holly Holm,f,t,73.68421053,2266523
394,Holly Holm,75000,2018,142,Holly,Holm,"5' 8""",135,Southpaw,14,5,0,19,Holly Holm,f,t,73.68421053,2266523
395,Holly Holm,330000,2019,142,Holly,Holm,"5' 8""",135,Southpaw,14,5,0,19,Holly Holm,f,t,73.68421053,2266523
396,Holly Holm,435000,2020,142,Holly,Holm,"5' 8""",135,Southpaw,14,5,0,19,Holly Holm,f,t,73.68421053,2266523
397,Kamaru Usman,99000,2015,17,Kamaru,Usman,"6' 0""",170,Switch,20,1,0,21,Kamaru Usman,m,t,95.23809524,2634523
398,Kamaru Usman,86500,2016,17,Kamaru,Usman,"6' 0""",170,Switch,20,1,0,21,Kamaru Usman,m,t,95.23809524,2634523
399,Kamaru Usman,99500,2017,17,Kamaru,Usman,"6' 0""",170,Switch,20,1,0,21,Kamaru Usman,m,t,95.23809524,2634523
400,Kamaru Usman,315000,2018,17,Kamaru,Usman,"6' 0""",170,Switch,20,1,0,21,Kamaru Usman,m,t,95.23809524,2634523
401,Kamaru Usman,970000,2019,17,Kamaru,Usman,"6' 0""",170,Switch,20,1,0,21,Kamaru Usman,m,t,95.23809524,2634523
402,Kamaru Usman,640000,2020,17,Kamaru,Usman,"6' 0""",170,Switch,20,1,0,21,Kamaru Usman,m,t,95.23809524,2634523
403,Darren Till,84500,2015,75,Darren,Till,"6' 0""",185,Southpaw,18,4,1,23,Darren Till,m,f,78.26086957,1278436
404,Darren Till,141500,2017,75,Darren,Till,"6' 0""",185,Southpaw,18,4,1,23,Darren Till,m,f,78.26086957,1278436
405,Darren Till,175600,2018,75,Darren,Till,"6' 0""",185,Southpaw,18,4,1,23,Darren Till,m,f,78.26086957,1278436
406,Darren Till,331000,2019,75,Darren,Till,"6' 0""",185,Southpaw,18,4,1,23,Darren Till,m,f,78.26086957,1278436
407,Darren Till,135000,2020,75,Darren,Till,"6' 0""",185,Southpaw,18,4,1,23,Darren Till,m,f,78.26086957,1278436
408,Cody Garbrandt,38500,2015,28,Cody,Garbrandt,"5' 8""",125,Orthodox,12,4,0,16,Cody Garbrandt,m,t,75,2484265
409,Cody Garbrandt,465100,2016,28,Cody,Garbrandt,"5' 8""",125,Orthodox,12,4,0,16,Cody Garbrandt,m,t,75,2484265
410,Cody Garbrandt,390000,2017,28,Cody,Garbrandt,"5' 8""",125,Orthodox,12,4,0,16,Cody Garbrandt,m,t,75,2484265
411,Cody Garbrandt,230000,2018,28,Cody,Garbrandt,"5' 8""",125,Orthodox,12,4,0,16,Cody Garbrandt,m,t,75,2484265
412,Cody Garbrandt,185000,2019,28,Cody,Garbrandt,"5' 8""",125,Orthodox,12,4,0,16,Cody Garbrandt,m,t,75,2484265
413,Cody Garbrandt,315000,2020,28,Cody,Garbrandt,"5' 8""",125,Orthodox,12,4,0,16,Cody Garbrandt,m,t,75,2484265
414,Islam Makhachev,34500,2015,44,Islam,Makhachev,"5' 10""",155,Southpaw,21,1,0,22,Islam Makhachev,m,f,95.45454545,3172949
415,Islam Makhachev,26500,2016,44,Islam,Makhachev,"5' 10""",155,Southpaw,21,1,0,22,Islam Makhachev,m,f,95.45454545,3172949
416,Islam Makhachev,30500,2017,44,Islam,Makhachev,"5' 10""",155,Southpaw,21,1,0,22,Islam Makhachev,m,f,95.45454545,3172949
417,Islam Makhachev,77000,2018,44,Islam,Makhachev,"5' 10""",155,Southpaw,21,1,0,22,Islam Makhachev,m,f,95.45454545,3172949
418,Islam Makhachev,144000,2019,44,Islam,Makhachev,"5' 10""",155,Southpaw,21,1,0,22,Islam Makhachev,m,f,95.45454545,3172949
419,Michelle Waterson,32500,2015,37,Michelle,Waterson,"5' 3""",115,Orthodox,18,9,0,27,Michelle Waterson,f,f,66.66666667,1704391
420,Michelle Waterson,35000,2017,37,Michelle,Waterson,"5' 3""",115,Orthodox,18,9,0,27,Michelle Waterson,f,f,66.66666667,1704391
421,Michelle Waterson,189000,2018,37,Michelle,Waterson,"5' 3""",115,Orthodox,18,9,0,27,Michelle Waterson,f,f,66.66666667,1704391
422,Michelle Waterson,200000,2019,37,Michelle,Waterson,"5' 3""",115,Orthodox,18,9,0,27,Michelle Waterson,f,f,66.66666667,1704391
423,Michelle Waterson,240000,2020,37,Michelle,Waterson,"5' 3""",115,Orthodox,18,9,0,27,Michelle Waterson,f,f,66.66666667,1704391
424,Valentina Shevchenko,26500,2015,168,Valentina,Shevchenko,"5' 5""",125,Southpaw,22,3,0,25,Valentina Shevchenko,f,t,88,2204149
425,Valentina Shevchenko,47000,2016,168,Valentina,Shevchenko,"5' 5""",125,Southpaw,22,3,0,25,Valentina Shevchenko,f,t,88,2204149
426,Valentina Shevchenko,284500,2017,168,Valentina,Shevchenko,"5' 5""",125,Southpaw,22,3,0,25,Valentina Shevchenko,f,t,88,2204149
427,Valentina Shevchenko,221000,2018,168,Valentina,Shevchenko,"5' 5""",125,Southpaw,22,3,0,25,Valentina Shevchenko,f,t,88,2204149
428,Valentina Shevchenko,560000,2019,168,Valentina,Shevchenko,"5' 5""",125,Southpaw,22,3,0,25,Valentina Shevchenko,f,t,88,2204149
429,Valentina Shevchenko,550000,2020,168,Valentina,Shevchenko,"5' 5""",125,Southpaw,22,3,0,25,Valentina Shevchenko,f,t,88,2204149
430,Francis Ngannou,22500,2015,55,Francis,Ngannou,"6' 4""",250,Orthodox,16,3,0,19,Francis Ngannou,m,t,84.21052632,3117234
431,Francis Ngannou,141500,2016,55,Francis,Ngannou,"6' 4""",250,Orthodox,16,3,0,19,Francis Ngannou,m,t,84.21052632,3117234
432,Francis Ngannou,218500,2017,55,Francis,Ngannou,"6' 4""",250,Orthodox,16,3,0,19,Francis Ngannou,m,t,84.21052632,3117234
433,Francis Ngannou,890000,2018,55,Francis,Ngannou,"6' 4""",250,Orthodox,16,3,0,19,Francis Ngannou,m,t,84.21052632,3117234
434,Francis Ngannou,525000,2019,55,Francis,Ngannou,"6' 4""",250,Orthodox,16,3,0,19,Francis Ngannou,m,t,84.21052632,3117234
435,Francis Ngannou,320000,2020,55,Francis,Ngannou,"6' 4""",250,Orthodox,16,3,0,19,Francis Ngannou,m,t,84.21052632,3117234
436,CM Punk,502500,2016,187,CM,Punk,"6' 1""",170,Orthodox,0,1,0,1,CM Punk,m,f,0,683171
437,CM Punk,503500,2018,187,CM,Punk,"6' 1""",170,Orthodox,0,1,0,1,CM Punk,m,f,0,683171
438,Marvin Vettori,49000,2016,48,Marvin,Vettori,"6' 0""",205,Southpaw,18,5,1,24,Marvin Vettori,m,f,75,339009
439,Marvin Vettori,61000,2017,48,Marvin,Vettori,"6' 0""",205,Southpaw,18,5,1,24,Marvin Vettori,m,f,75,339009
440,Marvin Vettori,24000,2018,48,Marvin,Vettori,"6' 0""",205,Southpaw,18,5,1,24,Marvin Vettori,m,f,75,339009
441,Marvin Vettori,49000,2019,48,Marvin,Vettori,"6' 0""",205,Southpaw,18,5,1,24,Marvin Vettori,m,f,75,339009
442,Marvin Vettori,45000,2019,48,Marvin,Vettori,"6' 0""",205,Southpaw,18,5,1,24,Marvin Vettori,m,f,75,339009
443,Marvin Vettori,320000,2020,48,Marvin,Vettori,"6' 0""",205,Southpaw,18,5,1,24,Marvin Vettori,m,f,75,339009
444,Alexa Grasso,32500,2016,160,Alexa,Grasso,"5' 5""",125,Orthodox,13,3,0,16,Alexa Grasso,f,f,81.25,427396
445,Alexa Grasso,38600,2017,160,Alexa,Grasso,"5' 5""",125,Orthodox,13,3,0,16,Alexa Grasso,f,f,81.25,427396
446,Alexa Grasso,18000,2018,160,Alexa,Grasso,"5' 5""",125,Orthodox,13,3,0,16,Alexa Grasso,f,f,81.25,427396
447,Alexa Grasso,103000,2019,160,Alexa,Grasso,"5' 5""",125,Orthodox,13,3,0,16,Alexa Grasso,f,f,81.25,427396
448,Alexa Grasso,49000,2020,160,Alexa,Grasso,"5' 5""",125,Orthodox,13,3,0,16,Alexa Grasso,f,f,81.25,427396
449,Alexander Volkanovski,22500,2016,74,Alexander,Volkanovski,"5' 6""",145,Orthodox,23,1,0,24,Alexander Volkanovski,m,t,95.83333333,357206
450,Alexander Volkanovski,57000,2017,74,Alexander,Volkanovski,"5' 6""",145,Orthodox,23,1,0,24,Alexander Volkanovski,m,t,95.83333333,357206
451,Alexander Volkanovski,335000,2018,74,Alexander,Volkanovski,"5' 6""",145,Orthodox,23,1,0,24,Alexander Volkanovski,m,t,95.83333333,357206
452,Alexander Volkanovski,420000,2019,74,Alexander,Volkanovski,"5' 6""",145,Orthodox,23,1,0,24,Alexander Volkanovski,m,t,95.83333333,357206
453,Alexander Volkanovski,390000,2020,74,Alexander,Volkanovski,"5' 6""",145,Orthodox,23,1,0,24,Alexander Volkanovski,m,t,95.83333333,357206
454,Alexander Volkov,22500,2016,76,Alexander,Volkov,"6' 7""",250,Orthodox,34,9,0,43,Alexander Volkov,m,f,79.06976744,297750
455,Alexander Volkov,107000,2017,76,Alexander,Volkov,"6' 7""",250,Orthodox,34,9,0,43,Alexander Volkov,m,f,79.06976744,297750
456,Alexander Volkov,213000,2018,76,Alexander,Volkov,"6' 7""",250,Orthodox,34,9,0,43,Alexander Volkov,m,f,79.06976744,297750
457,Alexander Volkov,155000,2019,76,Alexander,Volkov,"6' 7""",250,Orthodox,34,9,0,43,Alexander Volkov,m,f,79.06976744,297750
458,Alexander Volkov,250000,2020,76,Alexander,Volkov,"6' 7""",250,Orthodox,34,9,0,43,Alexander Volkov,m,f,79.06976744,297750
459,Justin Gaethje,457500,2017,4,Justin,Gaethje,"5' 11""",155,Orthodox,23,3,0,26,Justin Gaethje,m,t,88.46153846,1441088
460,Justin Gaethje,437500,2018,4,Justin,Gaethje,"5' 11""",155,Orthodox,23,3,0,26,Justin Gaethje,m,t,88.46153846,1441088
461,Justin Gaethje,609000,2019,4,Justin,Gaethje,"5' 11""",155,Orthodox,23,3,0,26,Justin Gaethje,m,t,88.46153846,1441088
462,Justin Gaethje,920000,2020,4,Justin,Gaethje,"5' 11""",155,Orthodox,23,3,0,26,Justin Gaethje,m,t,88.46153846,1441088
463,Zabit Magomedsharipov,149000,2017,33,Zabit,Magomedsharipov,"6' 1""",145,Orthodox,18,1,0,19,Zabit Magomedsharipov,m,f,94.73684211,2529679
464,Zabit Magomedsharipov,117500,2018,33,Zabit,Magomedsharipov,"6' 1""",145,Orthodox,18,1,0,19,Zabit Magomedsharipov,m,f,94.73684211,2529679
465,Zabit Magomedsharipov,289000,2019,33,Zabit,Magomedsharipov,"6' 1""",145,Orthodox,18,1,0,19,Zabit Magomedsharipov,m,f,94.73684211,2529679
466,Paulo Costa,129500,2017,199,Paulo,Costa,"6' 1""",205,Orthodox,13,2,0,15,Paulo Costa,m,f,86.66666667,1133617
467,Paulo Costa,164000,2018,199,Paulo,Costa,"6' 1""",205,Orthodox,13,2,0,15,Paulo Costa,m,f,86.66666667,1133617
468,Paulo Costa,174000,2019,199,Paulo,Costa,"6' 1""",205,Orthodox,13,2,0,15,Paulo Costa,m,f,86.66666667,1133617
469,Paulo Costa,380000,2020,199,Paulo,Costa,"6' 1""",205,Orthodox,13,2,0,15,Paulo Costa,m,f,86.66666667,1133617
470,Dominick Reyes,107000,2017,56,Dominick,Reyes,"6' 4""",205,Southpaw,12,3,0,15,Dominick Reyes,m,f,80,308826
471,Dominick Reyes,129500,2018,56,Dominick,Reyes,"6' 4""",205,Southpaw,12,3,0,15,Dominick Reyes,m,f,80,308826
472,Dominick Reyes,300000,2019,56,Dominick,Reyes,"6' 4""",205,Southpaw,12,3,0,15,Dominick Reyes,m,f,80,308826
473,Dominick Reyes,760000,2020,56,Dominick,Reyes,"6' 4""",205,Southpaw,12,3,0,15,Dominick Reyes,m,f,80,308826
474,Deiveson Figueiredo,49000,2017,36,Deiveson,Figueiredo,"5' 5""",125,Orthodox,20,2,1,23,Deiveson Figueiredo,m,t,86.95652174,275847
475,Deiveson Figueiredo,67500,2018,36,Deiveson,Figueiredo,"5' 5""",125,Orthodox,20,2,1,23,Deiveson Figueiredo,m,t,86.95652174,275847
476,Deiveson Figueiredo,183000,2019,36,Deiveson,Figueiredo,"5' 5""",125,Orthodox,20,2,1,23,Deiveson Figueiredo,m,t,86.95652174,275847
477,Deiveson Figueiredo,875000,2020,36,Deiveson,Figueiredo,"5' 5""",125,Orthodox,20,2,1,23,Deiveson Figueiredo,m,t,86.95652174,275847
478,Rachael Ostovich,25500,2017,58,Rachael,Ostovich,"5' 3""",125,Orthodox,4,6,0,10,Rachael Ostovich,f,f,40,745210
479,Rachael Ostovich,15500,2018,58,Rachael,Ostovich,"5' 3""",125,Orthodox,4,6,0,10,Rachael Ostovich,f,f,40,745210
480,Rachael Ostovich,15500,2019,58,Rachael,Ostovich,"5' 3""",125,Orthodox,4,6,0,10,Rachael Ostovich,f,f,40,745210
481,Rachael Ostovich,16000,2020,58,Rachael,Ostovich,"5' 3""",125,Orthodox,4,6,0,10,Rachael Ostovich,f,f,40,745210
482,Israel Adesanya,600500,2018,14,Israel,Adesanya,"6' 4""",185,Switch,21,1,0,22,Israel Adesanya,m,t,95.45454545,5420802
483,Israel Adesanya,1098000,2019,14,Israel,Adesanya,"6' 4""",185,Switch,21,1,0,22,Israel Adesanya,m,t,95.45454545,5420802
484,Israel Adesanya,1230000,2020,14,Israel,Adesanya,"6' 4""",185,Switch,21,1,0,22,Israel Adesanya,m,t,95.45454545,5420802
485,Petr Yan,200500,2018,13,Petr,Yan,"5' 7""",135,Switch,16,2,0,18,Petr Yan,m,t,88.88888889,1050231
486,Petr Yan,441000,2019,13,Petr,Yan,"5' 7""",135,Switch,16,2,0,18,Petr Yan,m,t,88.88888889,1050231
487,Petr Yan,230000,2020,13,Petr,Yan,"5' 7""",135,Switch,16,2,0,18,Petr Yan,m,t,88.88888889,1050231
488,Mackenzie Dern,101950,2018,80,Mackenzie,Dern,"5' 4""",115,Orthodox,11,2,0,13,Mackenzie Dern,f,f,84.61538462,932964
489,Mackenzie Dern,36500,2019,80,Mackenzie,Dern,"5' 4""",115,Orthodox,11,2,0,13,Mackenzie Dern,f,f,84.61538462,932964
490,Mackenzie Dern,335000,2020,80,Mackenzie,Dern,"5' 4""",115,Orthodox,11,2,0,13,Mackenzie Dern,f,f,84.61538462,932964
491,Kevin Holland,46000,2018,137,Kevin,Holland,"6' 3""",185,Orthodox,21,7,0,28,Kevin Holland,m,f,75,351770
492,Kevin Holland,115500,2019,137,Kevin,Holland,"6' 3""",185,Orthodox,21,7,0,28,Kevin Holland,m,f,75,351770
493,Kevin Holland,553000,2020,137,Kevin,Holland,"6' 3""",185,Orthodox,21,7,0,28,Kevin Holland,m,f,75,351770
494,Polyana Viana,39000,2018,51,Polyana,Viana,"5' 5""",115,Orthodox,12,4,0,16,Polyana Viana,f,f,75,526742
495,Polyana Viana,31000,2019,51,Polyana,Viana,"5' 5""",115,Orthodox,12,4,0,16,Polyana Viana,f,f,75,526742
496,Polyana Viana,45000,2020,51,Polyana,Viana,"5' 5""",115,Orthodox,12,4,0,16,Polyana Viana,f,f,75,526742
497,Abu Azaitar,23500,2018,176,Abu,Azaitar,"5' 9""",185,Orthodox,14,3,1,18,Abu Azaitar,m,f,77.77777778,1854399
498,Maycee Barber,23500,2018,24,Maycee,Barber,"5' 5""",125,Switch,9,2,0,11,Maycee Barber,f,f,81.81818182,273471
499,Maycee Barber,81000,2019,24,Maycee,Barber,"5' 5""",125,Switch,9,2,0,11,Maycee Barber,f,f,81.81818182,273471
500,Maycee Barber,33000,2020,24,Maycee,Barber,"5' 5""",125,Switch,9,2,0,11,Maycee Barber,f,f,81.81818182,273471
501,Makhmud Muradov,101000,2019,350,Makhmud,Muradov,"6' 2""",185,Orthodox,25,7,0,32,Makhmud Muradov,m,f,78.125,1613453
502,Ottman Azaitar,73500,2019,177,Ottman,Azaitar,"5' 8""",155,Switch,13,0,0,13,Ottman Azaitar,m,f,100,854727
503,Ottman Azaitar,77500,2020,177,Ottman,Azaitar,"5' 8""",155,Switch,13,0,0,13,Ottman Azaitar,m,f,100,854727
504,Amanda Ribas,51000,2019,64,Amanda,Ribas,"5' 3""",125,Orthodox,11,2,0,13,Amanda Ribas,f,f,84.61538462,802511
505,Amanda Ribas,67500,2020,64,Amanda,Ribas,"5' 3""",125,Orthodox,11,2,0,13,Amanda Ribas,f,f,84.61538462,802511
506,Rodolfo Vieira,23500,2019,57,Rodolfo,Vieira,"6' 0""",185,Orthodox,8,1,0,9,Rodolfo Vieira,m,f,88.88888889,328052
507,Rodolfo Vieira,31500,2020,57,Rodolfo,Vieira,"6' 0""",185,Orthodox,8,1,0,9,Rodolfo Vieira,m,f,88.88888889,328052
508,Khamzat Chimaev,294500,2020,109,Khamzat,Chimaev,"6' 2""",170,Orthodox,10,0,0,10,Khamzat Chimaev,m,f,100,2743422
509,Jiri Prochazka,103500,2020,174,Jiri,Prochazka,"6' 3""",205,Orthodox,28,3,1,32,Jiri Prochazka,m,f,87.5,281061
